iter	RMSE
0	0.2174136382
1	0.206299823
2	0.1820632403
3	0.1728699654
4	0.1534663762
5	0.1386982221
6	0.1275358823
7	0.116335966
8	0.1072868514
9	0.09682561577
